SELECT setval('accounttype_id_seq', 1, false);
SELECT setval('activity_id_seq', 1, false);
SELECT setval('address_id_seq', 1, false);
SELECT setval('customer_id_seq', 1, false);
SELECT setval('employee_id_seq', 1, false);
SELECT setval('job_id_seq', 1, false);
SELECT setval('product_id_seq', 1, false);
SELECT setval('role_id_seq', 1, false);
SELECT setval('squad_id_seq', 1, false);
SELECT setval('status_id_seq', 1, false);
SELECT setval('warehouse_id_seq', 1, false);

insert into accounttype (name) values ('corporate');
insert into accounttype (name) values ('individual');

insert into status (name, color) values ('open', 'gray');
insert into status (name, color) values ('closed', 'red');
insert into status (name, color) values ('done', 'green');

insert into role (name) values ('owner');
insert into role (name) values ('user');

insert into squad (name) values ('Tresom');
insert into squad (name) values ('Greenlam');
insert into squad (name) values ('Wrapsafe');
insert into squad (name) values ('Alpha');

insert into warehouse (name) values ('Regrant');
insert into warehouse (name) values ('Tin');
insert into warehouse (name) values ('Domainer');
insert into warehouse (name) values ('Y-Solowarm');
insert into warehouse (name) values ('Stronghold');
insert into warehouse (name) values ('Bitchip');
insert into warehouse (name) values ('Sonair');
insert into warehouse (name) values ('Flowdesk');
insert into warehouse (name) values ('Opela');
insert into warehouse (name) values ('Opela');

insert into product (name, serialnumber, unit, purchaseprice, saleprice, vat, tags, quantity, files, warehouseid) values ('Tempsoft', '5712922207', 32, 1, 6, 7, null, 95201, null, 7);
insert into product (name, serialnumber, unit, purchaseprice, saleprice, vat, tags, quantity, files, warehouseid) values ('Keylex', '5715856566', 128, 2, 7, 8, null, 78547, null, 9);
insert into product (name, serialnumber, unit, purchaseprice, saleprice, vat, tags, quantity, files, warehouseid) values ('Konklux', '6855171451', 288, 3, 8, 9, null, 10558, null, 8);
insert into product (name, serialnumber, unit, purchaseprice, saleprice, vat, tags, quantity, files, warehouseid) values ('Flexidy', '6195977489', 648, 4, 9, 10, null, 94722, null, 8);
insert into product (name, serialnumber, unit, purchaseprice, saleprice, vat, tags, quantity, files, warehouseid) values ('Asoka', '0653014538', 648, 5, 10, 11, null, 72155, null, 4);
insert into product (name, serialnumber, unit, purchaseprice, saleprice, vat, tags, quantity, files, warehouseid) values ('Latlux', '5475179069', 288, 6, 11, 12, null, 87458, null, 6);
insert into product (name, serialnumber, unit, purchaseprice, saleprice, vat, tags, quantity, files, warehouseid) values ('Subin', '8055451702', 648, 7, 12, 14, null, 21780, null, 7);
insert into product (name, serialnumber, unit, purchaseprice, saleprice, vat, tags, quantity, files, warehouseid) values ('Span', '1534620842', 128, 8, 13, 15, null, 93245, null, 7);
insert into product (name, serialnumber, unit, purchaseprice, saleprice, vat, tags, quantity, files, warehouseid) values ('Lotlux', '1680116347', 648, 9, 14, 16, null, 8068, null, 5);
insert into product (name, serialnumber, unit, purchaseprice, saleprice, vat, tags, quantity, files, warehouseid) values ('Trippledex', '4746249180', 8, 10, 15, 17, null, 83209, null, 8);
insert into product (name, serialnumber, unit, purchaseprice, saleprice, vat, tags, quantity, files, warehouseid) values ('Lotstring', '0666530998', 8, 11, 16, 18, null, 44634, null, 5);
insert into product (name, serialnumber, unit, purchaseprice, saleprice, vat, tags, quantity, files, warehouseid) values ('Ronstring', '4212084589', 72, 12, 17, 20, null, 94911, null, 1);
insert into product (name, serialnumber, unit, purchaseprice, saleprice, vat, tags, quantity, files, warehouseid) values ('Zathin', '7672931105', 392, 13, 18, 21, null, 43673, null, 3);
insert into product (name, serialnumber, unit, purchaseprice, saleprice, vat, tags, quantity, files, warehouseid) values ('Flowdesk', '2969083590', 512, 14, 19, 22, null, 4213, null, 4);
insert into product (name, serialnumber, unit, purchaseprice, saleprice, vat, tags, quantity, files, warehouseid) values ('Quo Lux', '3069262074', 392, 15, 20, 23, null, 88175, null, 10);
insert into product (name, serialnumber, unit, purchaseprice, saleprice, vat, tags, quantity, files, warehouseid) values ('Otcom', '3048952829', 72, 16, 21, 24, null, 26176, null, 9);
insert into product (name, serialnumber, unit, purchaseprice, saleprice, vat, tags, quantity, files, warehouseid) values ('Vagram', '7823754118', 512, 17, 22, 25, null, 57737, null, 2);
insert into product (name, serialnumber, unit, purchaseprice, saleprice, vat, tags, quantity, files, warehouseid) values ('Tampflex', '6404956535', 32, 18, 23, 27, null, 15299, null, 10);
insert into product (name, serialnumber, unit, purchaseprice, saleprice, vat, tags, quantity, files, warehouseid) values ('Gembucket', '1722454458', 32, 19, 24, 28, null, 84767, null, 10);
insert into product (name, serialnumber, unit, purchaseprice, saleprice, vat, tags, quantity, files, warehouseid) values ('Vagram', '4397800502', 128, 20, 25, 29, null, 76240, null, 3);
insert into product (name, serialnumber, unit, purchaseprice, saleprice, vat, tags, quantity, files, warehouseid) values ('Fixflex', '4961998311', 128, 21, 26, 30, null, 94978, null, 1);
insert into product (name, serialnumber, unit, purchaseprice, saleprice, vat, tags, quantity, files, warehouseid) values ('Konklab', '9400700660', 128, 22, 27, 31, null, 55591, null, 1);
insert into product (name, serialnumber, unit, purchaseprice, saleprice, vat, tags, quantity, files, warehouseid) values ('Fix San', '9493077047', 800, 23, 28, 33, null, 83140, null, 8);
insert into product (name, serialnumber, unit, purchaseprice, saleprice, vat, tags, quantity, files, warehouseid) values ('Tin', '0584626274', 512, 24, 29, 34, null, 19676, null, 8);
insert into product (name, serialnumber, unit, purchaseprice, saleprice, vat, tags, quantity, files, warehouseid) values ('Wrapsafe', '1313085634', 512, 25, 30, 35, null, 56599, null, 2);
insert into product (name, serialnumber, unit, purchaseprice, saleprice, vat, tags, quantity, files, warehouseid) values ('Tres-Zap', '1292599626', 288, 26, 31, 36, null, 70340, null, 6);
insert into product (name, serialnumber, unit, purchaseprice, saleprice, vat, tags, quantity, files, warehouseid) values ('Voltsillam', '1047126125', 288, 27, 32, 37, null, 13600, null, 3);
insert into product (name, serialnumber, unit, purchaseprice, saleprice, vat, tags, quantity, files, warehouseid) values ('Otcom', '8609456382', 128, 28, 33, 38, null, 6494, null, 4);
insert into product (name, serialnumber, unit, purchaseprice, saleprice, vat, tags, quantity, files, warehouseid) values ('Wrapsafe', '5450238657', 8, 29, 34, 40, null, 23018, null, 2);
insert into product (name, serialnumber, unit, purchaseprice, saleprice, vat, tags, quantity, files, warehouseid) values ('Zaam-Dox', '3796621597', 512, 30, 35, 41, null, 25947, null, 1);
insert into product (name, serialnumber, unit, purchaseprice, saleprice, vat, tags, quantity, files, warehouseid) values ('Cardify', '1826211152', 8, 31, 36, 42, null, 25070, null, 4);
insert into product (name, serialnumber, unit, purchaseprice, saleprice, vat, tags, quantity, files, warehouseid) values ('Sonair', '3439456765', 512, 32, 37, 43, null, 41043, null, 10);
insert into product (name, serialnumber, unit, purchaseprice, saleprice, vat, tags, quantity, files, warehouseid) values ('Trippledex', '7854976333', 128, 33, 38, 44, null, 62650, null, 8);
insert into product (name, serialnumber, unit, purchaseprice, saleprice, vat, tags, quantity, files, warehouseid) values ('Treeflex', '7025574082', 392, 34, 39, 46, null, 23664, null, 6);
insert into product (name, serialnumber, unit, purchaseprice, saleprice, vat, tags, quantity, files, warehouseid) values ('Keylex', '8653716556', 288, 35, 40, 47, null, 75910, null, 4);
insert into product (name, serialnumber, unit, purchaseprice, saleprice, vat, tags, quantity, files, warehouseid) values ('Zathin', '1253739838', 288, 36, 41, 48, null, 44659, null, 6);
insert into product (name, serialnumber, unit, purchaseprice, saleprice, vat, tags, quantity, files, warehouseid) values ('Solarbreeze', '9022946533', 512, 37, 42, 49, null, 91886, null, 5);
insert into product (name, serialnumber, unit, purchaseprice, saleprice, vat, tags, quantity, files, warehouseid) values ('Rank', '5060612554', 512, 38, 43, 50, null, 41097, null, 1);
insert into product (name, serialnumber, unit, purchaseprice, saleprice, vat, tags, quantity, files, warehouseid) values ('Subin', '5945971510', 32, 39, 44, 51, null, 68604, null, 2);
insert into product (name, serialnumber, unit, purchaseprice, saleprice, vat, tags, quantity, files, warehouseid) values ('Toughjoyfax', '5346211705', 8, 40, 45, 53, null, 17189, null, 7);
insert into product (name, serialnumber, unit, purchaseprice, saleprice, vat, tags, quantity, files, warehouseid) values ('Bitwolf', '4237974588', 288, 41, 46, 54, null, 91850, null, 8);
insert into product (name, serialnumber, unit, purchaseprice, saleprice, vat, tags, quantity, files, warehouseid) values ('Stringtough', '3878009917', 32, 42, 47, 55, null, 69580, null, 1);
insert into product (name, serialnumber, unit, purchaseprice, saleprice, vat, tags, quantity, files, warehouseid) values ('Namfix', '6003541660', 512, 43, 48, 56, null, 9982, null, 8);
insert into product (name, serialnumber, unit, purchaseprice, saleprice, vat, tags, quantity, files, warehouseid) values ('Andalax', '5895304850', 288, 44, 49, 57, null, 58373, null, 9);
insert into product (name, serialnumber, unit, purchaseprice, saleprice, vat, tags, quantity, files, warehouseid) values ('Quo Lux', '4199688773', 800, 45, 50, 59, null, 6823, null, 6);
insert into product (name, serialnumber, unit, purchaseprice, saleprice, vat, tags, quantity, files, warehouseid) values ('Duobam', '9245367657', 128, 46, 51, 60, null, 73181, null, 6);
insert into product (name, serialnumber, unit, purchaseprice, saleprice, vat, tags, quantity, files, warehouseid) values ('Ronstring', '3821000163', 800, 47, 52, 61, null, 51114, null, 2);
insert into product (name, serialnumber, unit, purchaseprice, saleprice, vat, tags, quantity, files, warehouseid) values ('Sonsing', '3481939779', 800, 48, 53, 62, null, 85050, null, 7);
insert into product (name, serialnumber, unit, purchaseprice, saleprice, vat, tags, quantity, files, warehouseid) values ('Alphazap', '1055892877', 128, 49, 54, 63, null, 15689, null, 5);
insert into product (name, serialnumber, unit, purchaseprice, saleprice, vat, tags, quantity, files, warehouseid) values ('Opela', '7780759210', 200, 50, 55, 64, null, 26143, null, 4);
insert into product (name, serialnumber, unit, purchaseprice, saleprice, vat, tags, quantity, files, warehouseid) values ('Zoolab', '9860598983', 288, 51, 56, 66, null, 18971, null, 5);
insert into product (name, serialnumber, unit, purchaseprice, saleprice, vat, tags, quantity, files, warehouseid) values ('Vagram', '5907839708', 200, 52, 57, 67, null, 14309, null, 2);
insert into product (name, serialnumber, unit, purchaseprice, saleprice, vat, tags, quantity, files, warehouseid) values ('Sonair', '4999154404', 288, 53, 58, 68, null, 9595, null, 2);
insert into product (name, serialnumber, unit, purchaseprice, saleprice, vat, tags, quantity, files, warehouseid) values ('Pannier', '5634094895', 512, 54, 59, 69, null, 13449, null, 10);
insert into product (name, serialnumber, unit, purchaseprice, saleprice, vat, tags, quantity, files, warehouseid) values ('Lotlux', '3400753165', 8, 55, 60, 70, null, 76708, null, 8);
insert into product (name, serialnumber, unit, purchaseprice, saleprice, vat, tags, quantity, files, warehouseid) values ('Stronghold', '1059295547', 800, 56, 61, 71, null, 53821, null, 7);
insert into product (name, serialnumber, unit, purchaseprice, saleprice, vat, tags, quantity, files, warehouseid) values ('Sub-Ex', '2322121177', 128, 57, 62, 73, null, 44719, null, 2);
insert into product (name, serialnumber, unit, purchaseprice, saleprice, vat, tags, quantity, files, warehouseid) values ('Sub-Ex', '7975992925', 200, 58, 63, 74, null, 48027, null, 2);
insert into product (name, serialnumber, unit, purchaseprice, saleprice, vat, tags, quantity, files, warehouseid) values ('Fixflex', '4745109024', 32, 59, 64, 75, null, 89442, null, 5);
insert into product (name, serialnumber, unit, purchaseprice, saleprice, vat, tags, quantity, files, warehouseid) values ('Subin', '5272165012', 648, 60, 65, 76, null, 57888, null, 6);
insert into product (name, serialnumber, unit, purchaseprice, saleprice, vat, tags, quantity, files, warehouseid) values ('Keylex', '6878168171', 288, 61, 66, 77, null, 79019, null, 2);
insert into product (name, serialnumber, unit, purchaseprice, saleprice, vat, tags, quantity, files, warehouseid) values ('Aerified', '3618513151', 200, 62, 67, 79, null, 17551, null, 1);
insert into product (name, serialnumber, unit, purchaseprice, saleprice, vat, tags, quantity, files, warehouseid) values ('Stringtough', '8521709250', 200, 63, 68, 80, null, 57167, null, 1);
insert into product (name, serialnumber, unit, purchaseprice, saleprice, vat, tags, quantity, files, warehouseid) values ('Tempsoft', '3017792811', 288, 64, 69, 81, null, 6319, null, 7);
insert into product (name, serialnumber, unit, purchaseprice, saleprice, vat, tags, quantity, files, warehouseid) values ('Gembucket', '6776550360', 512, 65, 70, 82, null, 81750, null, 2);
insert into product (name, serialnumber, unit, purchaseprice, saleprice, vat, tags, quantity, files, warehouseid) values ('Tin', '0735113599', 8, 66, 71, 83, null, 19043, null, 10);
insert into product (name, serialnumber, unit, purchaseprice, saleprice, vat, tags, quantity, files, warehouseid) values ('Zaam-Dox', '1250145805', 8, 67, 72, 84, null, 47268, null, 4);
insert into product (name, serialnumber, unit, purchaseprice, saleprice, vat, tags, quantity, files, warehouseid) values ('It', '5174585572', 392, 68, 73, 86, null, 83932, null, 3);
insert into product (name, serialnumber, unit, purchaseprice, saleprice, vat, tags, quantity, files, warehouseid) values ('Opela', '0460481169', 392, 69, 74, 87, null, 79086, null, 6);
insert into product (name, serialnumber, unit, purchaseprice, saleprice, vat, tags, quantity, files, warehouseid) values ('Tresom', '4391255634', 72, 70, 75, 88, null, 51905, null, 6);
insert into product (name, serialnumber, unit, purchaseprice, saleprice, vat, tags, quantity, files, warehouseid) values ('Stim', '7577213144', 72, 71, 76, 89, null, 29443, null, 3);
insert into product (name, serialnumber, unit, purchaseprice, saleprice, vat, tags, quantity, files, warehouseid) values ('Tresom', '5558398965', 128, 72, 77, 90, null, 13725, null, 3);
insert into product (name, serialnumber, unit, purchaseprice, saleprice, vat, tags, quantity, files, warehouseid) values ('Mat Lam Tam', '3639888502', 128, 73, 78, 92, null, 20582, null, 7);
insert into product (name, serialnumber, unit, purchaseprice, saleprice, vat, tags, quantity, files, warehouseid) values ('Lotlux', '8812171370', 288, 74, 79, 93, null, 73082, null, 1);
insert into product (name, serialnumber, unit, purchaseprice, saleprice, vat, tags, quantity, files, warehouseid) values ('Gembucket', '6500385802', 512, 75, 80, 94, null, 31702, null, 10);
insert into product (name, serialnumber, unit, purchaseprice, saleprice, vat, tags, quantity, files, warehouseid) values ('Temp', '0356434877', 288, 76, 81, 95, null, 11905, null, 5);
insert into product (name, serialnumber, unit, purchaseprice, saleprice, vat, tags, quantity, files, warehouseid) values ('Greenlam', '7386339860', 128, 77, 82, 96, null, 67415, null, 8);
insert into product (name, serialnumber, unit, purchaseprice, saleprice, vat, tags, quantity, files, warehouseid) values ('Sonair', '4624794109', 800, 78, 83, 97, null, 50499, null, 6);
insert into product (name, serialnumber, unit, purchaseprice, saleprice, vat, tags, quantity, files, warehouseid) values ('Stim', '0073019623', 200, 79, 84, 99, null, 20748, null, 4);
insert into product (name, serialnumber, unit, purchaseprice, saleprice, vat, tags, quantity, files, warehouseid) values ('Veribet', '5729430531', 32, 80, 85, 100, null, 37151, null, 6);
insert into product (name, serialnumber, unit, purchaseprice, saleprice, vat, tags, quantity, files, warehouseid) values ('Temp', '9998066085', 288, 81, 86, 101, null, 9008, null, 10);
insert into product (name, serialnumber, unit, purchaseprice, saleprice, vat, tags, quantity, files, warehouseid) values ('Span', '8827534970', 200, 82, 87, 102, null, 5931, null, 6);
insert into product (name, serialnumber, unit, purchaseprice, saleprice, vat, tags, quantity, files, warehouseid) values ('Namfix', '7953010917', 200, 83, 88, 103, null, 67447, null, 6);
insert into product (name, serialnumber, unit, purchaseprice, saleprice, vat, tags, quantity, files, warehouseid) values ('Stim', '5420179237', 392, 84, 89, 105, null, 13393, null, 4);
insert into product (name, serialnumber, unit, purchaseprice, saleprice, vat, tags, quantity, files, warehouseid) values ('Sonair', '6187426320', 288, 85, 90, 106, null, 50206, null, 10);
insert into product (name, serialnumber, unit, purchaseprice, saleprice, vat, tags, quantity, files, warehouseid) values ('Bytecard', '1210730685', 72, 86, 91, 107, null, 50981, null, 1);
insert into product (name, serialnumber, unit, purchaseprice, saleprice, vat, tags, quantity, files, warehouseid) values ('Sonair', '9924096894', 800, 87, 92, 108, null, 30197, null, 7);
insert into product (name, serialnumber, unit, purchaseprice, saleprice, vat, tags, quantity, files, warehouseid) values ('Lotlux', '3747746322', 648, 88, 93, 109, null, 34353, null, 7);
insert into product (name, serialnumber, unit, purchaseprice, saleprice, vat, tags, quantity, files, warehouseid) values ('Fix San', '7437264080', 128, 89, 94, 110, null, 52841, null, 7);
insert into product (name, serialnumber, unit, purchaseprice, saleprice, vat, tags, quantity, files, warehouseid) values ('Zoolab', '9713896688', 392, 90, 95, 112, null, 97824, null, 1);
insert into product (name, serialnumber, unit, purchaseprice, saleprice, vat, tags, quantity, files, warehouseid) values ('Cardify', '8459812200', 392, 91, 96, 113, null, 78883, null, 5);
insert into product (name, serialnumber, unit, purchaseprice, saleprice, vat, tags, quantity, files, warehouseid) values ('Pannier', '0457795409', 800, 92, 97, 114, null, 29033, null, 4);
insert into product (name, serialnumber, unit, purchaseprice, saleprice, vat, tags, quantity, files, warehouseid) values ('Aerified', '9056620223', 200, 93, 98, 115, null, 52410, null, 6);
insert into product (name, serialnumber, unit, purchaseprice, saleprice, vat, tags, quantity, files, warehouseid) values ('Konklab', '4610170078', 288, 94, 99, 116, null, 7283, null, 7);
insert into product (name, serialnumber, unit, purchaseprice, saleprice, vat, tags, quantity, files, warehouseid) values ('Domainer', '7026335480', 392, 95, 100, 118, null, 38276, null, 1);
insert into product (name, serialnumber, unit, purchaseprice, saleprice, vat, tags, quantity, files, warehouseid) values ('Veribet', '4849055052', 512, 96, 101, 119, null, 39732, null, 4);
insert into product (name, serialnumber, unit, purchaseprice, saleprice, vat, tags, quantity, files, warehouseid) values ('Treeflex', '3382373874', 200, 97, 102, 120, null, 70194, null, 10);
insert into product (name, serialnumber, unit, purchaseprice, saleprice, vat, tags, quantity, files, warehouseid) values ('Stim', '8555689759', 392, 98, 103, 121, null, 16811, null, 10);
insert into product (name, serialnumber, unit, purchaseprice, saleprice, vat, tags, quantity, files, warehouseid) values ('Gembucket', '2259016898', 128, 99, 104, 122, null, 87013, null, 10);
insert into product (name, serialnumber, unit, purchaseprice, saleprice, vat, tags, quantity, files, warehouseid) values ('Holdlamis', '1215573677', 32, 100, 105, 123, null, 19008, null, 6);
insert into product (name, serialnumber, unit, purchaseprice, saleprice, vat, tags, quantity, files, warehouseid) values ('Job', '3681055300', 8, 101, 106, 125, null, 46334, null, 5);
insert into product (name, serialnumber, unit, purchaseprice, saleprice, vat, tags, quantity, files, warehouseid) values ('Transcof', '7600039850', 8, 102, 107, 126, null, 93610, null, 10);
insert into product (name, serialnumber, unit, purchaseprice, saleprice, vat, tags, quantity, files, warehouseid) values ('Y-find', '3978004739', 32, 103, 108, 127, null, 32124, null, 5);
insert into product (name, serialnumber, unit, purchaseprice, saleprice, vat, tags, quantity, files, warehouseid) values ('Domainer', '5646586291', 32, 104, 109, 128, null, 22415, null, 2);
insert into product (name, serialnumber, unit, purchaseprice, saleprice, vat, tags, quantity, files, warehouseid) values ('Solarbreeze', '6320132612', 32, 105, 110, 129, null, 59459, null, 6);
insert into product (name, serialnumber, unit, purchaseprice, saleprice, vat, tags, quantity, files, warehouseid) values ('Tampflex', '2759045870', 288, 106, 111, 130, null, 14805, null, 7);
insert into product (name, serialnumber, unit, purchaseprice, saleprice, vat, tags, quantity, files, warehouseid) values ('Opela', '6447944628', 128, 107, 112, 132, null, 23749, null, 4);
insert into product (name, serialnumber, unit, purchaseprice, saleprice, vat, tags, quantity, files, warehouseid) values ('Tempsoft', '6127989175', 648, 108, 113, 133, null, 43189, null, 8);
insert into product (name, serialnumber, unit, purchaseprice, saleprice, vat, tags, quantity, files, warehouseid) values ('Zoolab', '5091267557', 392, 109, 114, 134, null, 30209, null, 7);
insert into product (name, serialnumber, unit, purchaseprice, saleprice, vat, tags, quantity, files, warehouseid) values ('Stim', '7766503808', 72, 110, 115, 135, null, 88703, null, 5);
insert into product (name, serialnumber, unit, purchaseprice, saleprice, vat, tags, quantity, files, warehouseid) values ('Bitchip', '6063849637', 392, 111, 116, 136, null, 12021, null, 3);
insert into product (name, serialnumber, unit, purchaseprice, saleprice, vat, tags, quantity, files, warehouseid) values ('Stronghold', '8873039529', 392, 112, 117, 138, null, 23378, null, 4);
insert into product (name, serialnumber, unit, purchaseprice, saleprice, vat, tags, quantity, files, warehouseid) values ('Fixflex', '4732990649', 800, 113, 118, 139, null, 38392, null, 8);
insert into product (name, serialnumber, unit, purchaseprice, saleprice, vat, tags, quantity, files, warehouseid) values ('Kanlam', '4186446008', 512, 114, 119, 140, null, 53145, null, 8);
insert into product (name, serialnumber, unit, purchaseprice, saleprice, vat, tags, quantity, files, warehouseid) values ('Tin', '9562959821', 512, 115, 120, 141, null, 54792, null, 10);
insert into product (name, serialnumber, unit, purchaseprice, saleprice, vat, tags, quantity, files, warehouseid) values ('Span', '4648679199', 128, 116, 121, 142, null, 80208, null, 1);
insert into product (name, serialnumber, unit, purchaseprice, saleprice, vat, tags, quantity, files, warehouseid) values ('Treeflex', '0330644890', 392, 117, 122, 143, null, 35714, null, 2);
insert into product (name, serialnumber, unit, purchaseprice, saleprice, vat, tags, quantity, files, warehouseid) values ('Stringtough', '1523495669', 288, 118, 123, 145, null, 93858, null, 9);
insert into product (name, serialnumber, unit, purchaseprice, saleprice, vat, tags, quantity, files, warehouseid) values ('Sub-Ex', '5991227713', 392, 119, 124, 146, null, 51809, null, 4);
insert into product (name, serialnumber, unit, purchaseprice, saleprice, vat, tags, quantity, files, warehouseid) values ('Fintone', '0216851424', 512, 120, 125, 147, null, 76795, null, 10);
insert into product (name, serialnumber, unit, purchaseprice, saleprice, vat, tags, quantity, files, warehouseid) values ('Alphazap', '7424404504', 288, 121, 126, 148, null, 85750, null, 10);
insert into product (name, serialnumber, unit, purchaseprice, saleprice, vat, tags, quantity, files, warehouseid) values ('Duobam', '1210852071', 128, 122, 127, 149, null, 65994, null, 7);
insert into product (name, serialnumber, unit, purchaseprice, saleprice, vat, tags, quantity, files, warehouseid) values ('Alphazap', '0774679395', 8, 123, 128, 151, null, 90226, null, 9);
insert into product (name, serialnumber, unit, purchaseprice, saleprice, vat, tags, quantity, files, warehouseid) values ('Daltfresh', '5316464036', 392, 124, 129, 152, null, 93694, null, 6);
insert into product (name, serialnumber, unit, purchaseprice, saleprice, vat, tags, quantity, files, warehouseid) values ('Greenlam', '5499673144', 32, 125, 130, 153, null, 84349, null, 10);
insert into product (name, serialnumber, unit, purchaseprice, saleprice, vat, tags, quantity, files, warehouseid) values ('Zoolab', '9929018638', 288, 126, 131, 154, null, 98859, null, 2);
insert into product (name, serialnumber, unit, purchaseprice, saleprice, vat, tags, quantity, files, warehouseid) values ('Vagram', '0506146510', 32, 127, 132, 155, null, 1054, null, 4);
insert into product (name, serialnumber, unit, purchaseprice, saleprice, vat, tags, quantity, files, warehouseid) values ('Biodex', '6680192056', 8, 128, 133, 156, null, 39555, null, 4);
insert into product (name, serialnumber, unit, purchaseprice, saleprice, vat, tags, quantity, files, warehouseid) values ('Biodex', '3131542802', 128, 129, 134, 158, null, 83256, null, 6);
insert into product (name, serialnumber, unit, purchaseprice, saleprice, vat, tags, quantity, files, warehouseid) values ('Quo Lux', '1388417626', 512, 130, 135, 159, null, 52047, null, 5);
insert into product (name, serialnumber, unit, purchaseprice, saleprice, vat, tags, quantity, files, warehouseid) values ('Wrapsafe', '6795757900', 800, 131, 136, 160, null, 8416, null, 8);
insert into product (name, serialnumber, unit, purchaseprice, saleprice, vat, tags, quantity, files, warehouseid) values ('Toughjoyfax', '1383243239', 800, 132, 137, 161, null, 39301, null, 1);
insert into product (name, serialnumber, unit, purchaseprice, saleprice, vat, tags, quantity, files, warehouseid) values ('Sonair', '2134307153', 392, 133, 138, 162, null, 34261, null, 6);
insert into product (name, serialnumber, unit, purchaseprice, saleprice, vat, tags, quantity, files, warehouseid) values ('Alphazap', '4277091288', 512, 134, 139, 164, null, 85205, null, 5);
insert into product (name, serialnumber, unit, purchaseprice, saleprice, vat, tags, quantity, files, warehouseid) values ('Quo Lux', '0830461272', 72, 135, 140, 165, null, 61182, null, 4);
insert into product (name, serialnumber, unit, purchaseprice, saleprice, vat, tags, quantity, files, warehouseid) values ('Keylex', '9124199877', 32, 136, 141, 166, null, 4012, null, 2);
insert into product (name, serialnumber, unit, purchaseprice, saleprice, vat, tags, quantity, files, warehouseid) values ('Hatity', '2616056186', 72, 137, 142, 167, null, 85368, null, 4);
insert into product (name, serialnumber, unit, purchaseprice, saleprice, vat, tags, quantity, files, warehouseid) values ('Alphazap', '2700657764', 288, 138, 143, 168, null, 90587, null, 8);
insert into product (name, serialnumber, unit, purchaseprice, saleprice, vat, tags, quantity, files, warehouseid) values ('Span', '5228462864', 32, 139, 144, 169, null, 59938, null, 7);
insert into product (name, serialnumber, unit, purchaseprice, saleprice, vat, tags, quantity, files, warehouseid) values ('Bamity', '5096060837', 392, 140, 145, 171, null, 94709, null, 4);
insert into product (name, serialnumber, unit, purchaseprice, saleprice, vat, tags, quantity, files, warehouseid) values ('Regrant', '1129671143', 512, 141, 146, 172, null, 37228, null, 6);
insert into product (name, serialnumber, unit, purchaseprice, saleprice, vat, tags, quantity, files, warehouseid) values ('Bitwolf', '2593672668', 512, 142, 147, 173, null, 57124, null, 7);
insert into product (name, serialnumber, unit, purchaseprice, saleprice, vat, tags, quantity, files, warehouseid) values ('Matsoft', '0313562814', 288, 143, 148, 174, null, 62158, null, 10);
insert into product (name, serialnumber, unit, purchaseprice, saleprice, vat, tags, quantity, files, warehouseid) values ('Ronstring', '6038332154', 648, 144, 149, 175, null, 16975, null, 9);
insert into product (name, serialnumber, unit, purchaseprice, saleprice, vat, tags, quantity, files, warehouseid) values ('Redhold', '1494336499', 512, 145, 150, 177, null, 33220, null, 7);
insert into product (name, serialnumber, unit, purchaseprice, saleprice, vat, tags, quantity, files, warehouseid) values ('Y-find', '1211154467', 512, 146, 151, 178, null, 23046, null, 5);
insert into product (name, serialnumber, unit, purchaseprice, saleprice, vat, tags, quantity, files, warehouseid) values ('Tin', '8910487739', 512, 147, 152, 179, null, 48724, null, 2);
insert into product (name, serialnumber, unit, purchaseprice, saleprice, vat, tags, quantity, files, warehouseid) values ('Cardguard', '8969942947', 32, 148, 153, 180, null, 91703, null, 5);
insert into product (name, serialnumber, unit, purchaseprice, saleprice, vat, tags, quantity, files, warehouseid) values ('Alphazap', '3234962243', 288, 149, 154, 181, null, 11819, null, 2);
insert into product (name, serialnumber, unit, purchaseprice, saleprice, vat, tags, quantity, files, warehouseid) values ('Stringtough', '4179060922', 128, 150, 155, 182, null, 72053, null, 2);
insert into product (name, serialnumber, unit, purchaseprice, saleprice, vat, tags, quantity, files, warehouseid) values ('Vagram', '3695742844', 128, 151, 156, 184, null, 76062, null, 10);
insert into product (name, serialnumber, unit, purchaseprice, saleprice, vat, tags, quantity, files, warehouseid) values ('Andalax', '9914894011', 648, 152, 157, 185, null, 68539, null, 4);
insert into product (name, serialnumber, unit, purchaseprice, saleprice, vat, tags, quantity, files, warehouseid) values ('Tres-Zap', '9401559538', 72, 153, 158, 186, null, 44501, null, 4);
insert into product (name, serialnumber, unit, purchaseprice, saleprice, vat, tags, quantity, files, warehouseid) values ('Konklux', '2836751762', 200, 154, 159, 187, null, 91951, null, 2);
insert into product (name, serialnumber, unit, purchaseprice, saleprice, vat, tags, quantity, files, warehouseid) values ('Latlux', '5698745331', 392, 155, 160, 188, null, 26843, null, 4);
insert into product (name, serialnumber, unit, purchaseprice, saleprice, vat, tags, quantity, files, warehouseid) values ('Ventosanzap', '3780099888', 288, 156, 161, 189, null, 7672, null, 9);
insert into product (name, serialnumber, unit, purchaseprice, saleprice, vat, tags, quantity, files, warehouseid) values ('Subin', '6623316248', 288, 157, 162, 191, null, 13416, null, 6);
insert into product (name, serialnumber, unit, purchaseprice, saleprice, vat, tags, quantity, files, warehouseid) values ('Kanlam', '4716407934', 392, 158, 163, 192, null, 35146, null, 3);
insert into product (name, serialnumber, unit, purchaseprice, saleprice, vat, tags, quantity, files, warehouseid) values ('Bitchip', '0732852358', 288, 159, 164, 193, null, 92606, null, 10);
insert into product (name, serialnumber, unit, purchaseprice, saleprice, vat, tags, quantity, files, warehouseid) values ('Bytecard', '0551179023', 392, 160, 165, 194, null, 52634, null, 3);
insert into product (name, serialnumber, unit, purchaseprice, saleprice, vat, tags, quantity, files, warehouseid) values ('Flowdesk', '9850438185', 512, 161, 166, 195, null, 77513, null, 9);
insert into product (name, serialnumber, unit, purchaseprice, saleprice, vat, tags, quantity, files, warehouseid) values ('Namfix', '1443341436', 32, 162, 167, 197, null, 66635, null, 1);
insert into product (name, serialnumber, unit, purchaseprice, saleprice, vat, tags, quantity, files, warehouseid) values ('Domainer', '4306001024', 392, 163, 168, 198, null, 98723, null, 6);
insert into product (name, serialnumber, unit, purchaseprice, saleprice, vat, tags, quantity, files, warehouseid) values ('Ronstring', '8360965129', 8, 164, 169, 199, null, 57785, null, 10);
insert into product (name, serialnumber, unit, purchaseprice, saleprice, vat, tags, quantity, files, warehouseid) values ('Domainer', '6056747638', 32, 165, 170, 200, null, 76825, null, 8);
insert into product (name, serialnumber, unit, purchaseprice, saleprice, vat, tags, quantity, files, warehouseid) values ('Cardguard', '3247523944', 8, 166, 171, 201, null, 70171, null, 4);
insert into product (name, serialnumber, unit, purchaseprice, saleprice, vat, tags, quantity, files, warehouseid) values ('Flexidy', '9721111708', 32, 167, 172, 202, null, 90675, null, 8);
insert into product (name, serialnumber, unit, purchaseprice, saleprice, vat, tags, quantity, files, warehouseid) values ('Holdlamis', '6895497188', 72, 168, 173, 204, null, 62156, null, 10);
insert into product (name, serialnumber, unit, purchaseprice, saleprice, vat, tags, quantity, files, warehouseid) values ('Greenlam', '6894684383', 512, 169, 174, 205, null, 18797, null, 1);
insert into product (name, serialnumber, unit, purchaseprice, saleprice, vat, tags, quantity, files, warehouseid) values ('Fintone', '7735919115', 72, 170, 175, 206, null, 36389, null, 2);
insert into product (name, serialnumber, unit, purchaseprice, saleprice, vat, tags, quantity, files, warehouseid) values ('Bytecard', '0109134648', 648, 171, 176, 207, null, 15256, null, 10);
insert into product (name, serialnumber, unit, purchaseprice, saleprice, vat, tags, quantity, files, warehouseid) values ('Lotstring', '2131740638', 200, 172, 177, 208, null, 29249, null, 2);
insert into product (name, serialnumber, unit, purchaseprice, saleprice, vat, tags, quantity, files, warehouseid) values ('Alphazap', '5388158845', 8, 173, 178, 210, null, 11071, null, 5);
insert into product (name, serialnumber, unit, purchaseprice, saleprice, vat, tags, quantity, files, warehouseid) values ('Subin', '5781000526', 648, 174, 179, 211, null, 61612, null, 10);
insert into product (name, serialnumber, unit, purchaseprice, saleprice, vat, tags, quantity, files, warehouseid) values ('Y-find', '9718014519', 512, 175, 180, 212, null, 40622, null, 2);
insert into product (name, serialnumber, unit, purchaseprice, saleprice, vat, tags, quantity, files, warehouseid) values ('Voltsillam', '6278085275', 32, 176, 181, 213, null, 87879, null, 8);
insert into product (name, serialnumber, unit, purchaseprice, saleprice, vat, tags, quantity, files, warehouseid) values ('Duobam', '5262531512', 72, 177, 182, 214, null, 41679, null, 2);
insert into product (name, serialnumber, unit, purchaseprice, saleprice, vat, tags, quantity, files, warehouseid) values ('It', '5284335651', 200, 178, 183, 215, null, 91499, null, 10);
insert into product (name, serialnumber, unit, purchaseprice, saleprice, vat, tags, quantity, files, warehouseid) values ('Trippledex', '5883414966', 8, 179, 184, 217, null, 10207, null, 7);
insert into product (name, serialnumber, unit, purchaseprice, saleprice, vat, tags, quantity, files, warehouseid) values ('Zathin', '1362905828', 288, 180, 185, 218, null, 36429, null, 5);
insert into product (name, serialnumber, unit, purchaseprice, saleprice, vat, tags, quantity, files, warehouseid) values ('Stronghold', '3526058288', 288, 181, 186, 219, null, 31333, null, 5);
insert into product (name, serialnumber, unit, purchaseprice, saleprice, vat, tags, quantity, files, warehouseid) values ('Flowdesk', '4690655545', 288, 182, 187, 220, null, 29600, null, 5);
insert into product (name, serialnumber, unit, purchaseprice, saleprice, vat, tags, quantity, files, warehouseid) values ('Tempsoft', '1292596759', 392, 183, 188, 221, null, 85813, null, 7);
insert into product (name, serialnumber, unit, purchaseprice, saleprice, vat, tags, quantity, files, warehouseid) values ('Tresom', '7438771938', 72, 184, 189, 223, null, 42057, null, 8);
insert into product (name, serialnumber, unit, purchaseprice, saleprice, vat, tags, quantity, files, warehouseid) values ('Tresom', '8968671826', 648, 185, 190, 224, null, 29685, null, 9);
insert into product (name, serialnumber, unit, purchaseprice, saleprice, vat, tags, quantity, files, warehouseid) values ('Tampflex', '9247060893', 512, 186, 191, 225, null, 96903, null, 7);
insert into product (name, serialnumber, unit, purchaseprice, saleprice, vat, tags, quantity, files, warehouseid) values ('Sonair', '1618097644', 800, 187, 192, 226, null, 34406, null, 1);
insert into product (name, serialnumber, unit, purchaseprice, saleprice, vat, tags, quantity, files, warehouseid) values ('Otcom', '1858959985', 72, 188, 193, 227, null, 19262, null, 10);
insert into product (name, serialnumber, unit, purchaseprice, saleprice, vat, tags, quantity, files, warehouseid) values ('Voyatouch', '1780228600', 8, 189, 194, 228, null, 41660, null, 3);
insert into product (name, serialnumber, unit, purchaseprice, saleprice, vat, tags, quantity, files, warehouseid) values ('Zoolab', '9012943779', 128, 190, 195, 230, null, 33140, null, 2);
insert into product (name, serialnumber, unit, purchaseprice, saleprice, vat, tags, quantity, files, warehouseid) values ('Daltfresh', '5762871525', 32, 191, 196, 231, null, 39325, null, 5);
insert into product (name, serialnumber, unit, purchaseprice, saleprice, vat, tags, quantity, files, warehouseid) values ('Aerified', '9244291126', 512, 192, 197, 232, null, 9160, null, 6);
insert into product (name, serialnumber, unit, purchaseprice, saleprice, vat, tags, quantity, files, warehouseid) values ('Overhold', '5862664203', 648, 193, 198, 233, null, 77211, null, 1);
insert into product (name, serialnumber, unit, purchaseprice, saleprice, vat, tags, quantity, files, warehouseid) values ('Temp', '6373338932', 32, 194, 199, 234, null, 85726, null, 4);
insert into product (name, serialnumber, unit, purchaseprice, saleprice, vat, tags, quantity, files, warehouseid) values ('Hatity', '9390137446', 392, 195, 200, 236, null, 77523, null, 1);
insert into product (name, serialnumber, unit, purchaseprice, saleprice, vat, tags, quantity, files, warehouseid) values ('Flowdesk', '2181681546', 32, 196, 201, 237, null, 55839, null, 3);
insert into product (name, serialnumber, unit, purchaseprice, saleprice, vat, tags, quantity, files, warehouseid) values ('Flexidy', '3179738103', 392, 197, 202, 238, null, 30823, null, 10);
insert into product (name, serialnumber, unit, purchaseprice, saleprice, vat, tags, quantity, files, warehouseid) values ('Bamity', '9894320740', 32, 198, 203, 239, null, 88040, null, 9);
insert into product (name, serialnumber, unit, purchaseprice, saleprice, vat, tags, quantity, files, warehouseid) values ('Zoolab', '8869744299', 72, 199, 204, 240, null, 38601, null, 2);
insert into product (name, serialnumber, unit, purchaseprice, saleprice, vat, tags, quantity, files, warehouseid) values ('Y-find', '9943506989', 8, 200, 205, 241, null, 60596, null, 10);
insert into product (name, serialnumber, unit, purchaseprice, saleprice, vat, tags, quantity, files, warehouseid) values ('Fix San', '4364251275', 128, 201, 206, 243, null, 46283, null, 4);
insert into product (name, serialnumber, unit, purchaseprice, saleprice, vat, tags, quantity, files, warehouseid) values ('Fixflex', '8382216900', 288, 202, 207, 244, null, 35458, null, 9);
insert into product (name, serialnumber, unit, purchaseprice, saleprice, vat, tags, quantity, files, warehouseid) values ('Voyatouch', '6511394832', 72, 203, 208, 245, null, 37755, null, 6);
insert into product (name, serialnumber, unit, purchaseprice, saleprice, vat, tags, quantity, files, warehouseid) values ('Toughjoyfax', '7110552241', 128, 204, 209, 246, null, 20340, null, 6);
insert into product (name, serialnumber, unit, purchaseprice, saleprice, vat, tags, quantity, files, warehouseid) values ('Andalax', '3501353898', 800, 205, 210, 247, null, 78811, null, 7);
insert into product (name, serialnumber, unit, purchaseprice, saleprice, vat, tags, quantity, files, warehouseid) values ('Greenlam', '9729722374', 8, 206, 211, 248, null, 28360, null, 5);
insert into product (name, serialnumber, unit, purchaseprice, saleprice, vat, tags, quantity, files, warehouseid) values ('Ronstring', '0153525363', 288, 207, 212, 250, null, 54022, null, 10);
insert into product (name, serialnumber, unit, purchaseprice, saleprice, vat, tags, quantity, files, warehouseid) values ('Domainer', '8441736936', 648, 208, 213, 251, null, 50163, null, 9);
insert into product (name, serialnumber, unit, purchaseprice, saleprice, vat, tags, quantity, files, warehouseid) values ('Lotlux', '5498455658', 392, 209, 214, 252, null, 42248, null, 7);
insert into product (name, serialnumber, unit, purchaseprice, saleprice, vat, tags, quantity, files, warehouseid) values ('Viva', '9574301826', 128, 210, 215, 253, null, 85431, null, 7);
insert into product (name, serialnumber, unit, purchaseprice, saleprice, vat, tags, quantity, files, warehouseid) values ('Quo Lux', '9230218537', 392, 211, 216, 254, null, 91104, null, 9);
insert into product (name, serialnumber, unit, purchaseprice, saleprice, vat, tags, quantity, files, warehouseid) values ('Bigtax', '2752223781', 72, 212, 217, 256, null, 16815, null, 4);
insert into product (name, serialnumber, unit, purchaseprice, saleprice, vat, tags, quantity, files, warehouseid) values ('Flexidy', '0273650297', 200, 213, 218, 257, null, 46344, null, 7);
insert into product (name, serialnumber, unit, purchaseprice, saleprice, vat, tags, quantity, files, warehouseid) values ('Transcof', '1097624552', 512, 214, 219, 258, null, 20194, null, 1);
insert into product (name, serialnumber, unit, purchaseprice, saleprice, vat, tags, quantity, files, warehouseid) values ('Kanlam', '3733243773', 648, 215, 220, 259, null, 42178, null, 1);
insert into product (name, serialnumber, unit, purchaseprice, saleprice, vat, tags, quantity, files, warehouseid) values ('Flowdesk', '5125980277', 648, 216, 221, 260, null, 51415, null, 1);
insert into product (name, serialnumber, unit, purchaseprice, saleprice, vat, tags, quantity, files, warehouseid) values ('Hatity', '8486284546', 200, 217, 222, 261, null, 61565, null, 4);
insert into product (name, serialnumber, unit, purchaseprice, saleprice, vat, tags, quantity, files, warehouseid) values ('Duobam', '8816339217', 648, 218, 223, 263, null, 69852, null, 10);
insert into product (name, serialnumber, unit, purchaseprice, saleprice, vat, tags, quantity, files, warehouseid) values ('Rank', '0142789682', 72, 219, 224, 264, null, 30761, null, 1);
insert into product (name, serialnumber, unit, purchaseprice, saleprice, vat, tags, quantity, files, warehouseid) values ('Andalax', '5190995992', 288, 220, 225, 265, null, 34673, null, 7);
insert into product (name, serialnumber, unit, purchaseprice, saleprice, vat, tags, quantity, files, warehouseid) values ('Holdlamis', '0127300619', 200, 221, 226, 266, null, 5890, null, 7);
insert into product (name, serialnumber, unit, purchaseprice, saleprice, vat, tags, quantity, files, warehouseid) values ('Pannier', '3958801013', 392, 222, 227, 267, null, 51544, null, 4);
insert into product (name, serialnumber, unit, purchaseprice, saleprice, vat, tags, quantity, files, warehouseid) values ('Gembucket', '2765125732', 648, 223, 228, 269, null, 28665, null, 3);
insert into product (name, serialnumber, unit, purchaseprice, saleprice, vat, tags, quantity, files, warehouseid) values ('Latlux', '9693000625', 800, 224, 229, 270, null, 34163, null, 5);
insert into product (name, serialnumber, unit, purchaseprice, saleprice, vat, tags, quantity, files, warehouseid) values ('Sonair', '9791909644', 800, 225, 230, 271, null, 58557, null, 7);
insert into product (name, serialnumber, unit, purchaseprice, saleprice, vat, tags, quantity, files, warehouseid) values ('Quo Lux', '7704702742', 392, 226, 231, 272, null, 72032, null, 9);
insert into product (name, serialnumber, unit, purchaseprice, saleprice, vat, tags, quantity, files, warehouseid) values ('Greenlam', '1084965674', 72, 227, 232, 273, null, 86700, null, 8);
insert into product (name, serialnumber, unit, purchaseprice, saleprice, vat, tags, quantity, files, warehouseid) values ('Alphazap', '1751233243', 800, 228, 233, 274, null, 72472, null, 9);
insert into product (name, serialnumber, unit, purchaseprice, saleprice, vat, tags, quantity, files, warehouseid) values ('Zathin', '8214553490', 392, 229, 234, 276, null, 66740, null, 3);
insert into product (name, serialnumber, unit, purchaseprice, saleprice, vat, tags, quantity, files, warehouseid) values ('Zontrax', '4905019079', 512, 230, 235, 277, null, 45387, null, 8);
insert into product (name, serialnumber, unit, purchaseprice, saleprice, vat, tags, quantity, files, warehouseid) values ('Alpha', '2811391061', 200, 231, 236, 278, null, 83036, null, 3);
insert into product (name, serialnumber, unit, purchaseprice, saleprice, vat, tags, quantity, files, warehouseid) values ('Daltfresh', '6892033385', 392, 232, 237, 279, null, 99198, null, 3);
insert into product (name, serialnumber, unit, purchaseprice, saleprice, vat, tags, quantity, files, warehouseid) values ('Stim', '8715053679', 8, 233, 238, 280, null, 10942, null, 6);
insert into product (name, serialnumber, unit, purchaseprice, saleprice, vat, tags, quantity, files, warehouseid) values ('Fixflex', '7173421004', 128, 234, 239, 282, null, 49181, null, 2);
insert into product (name, serialnumber, unit, purchaseprice, saleprice, vat, tags, quantity, files, warehouseid) values ('Job', '3041906112', 648, 235, 240, 283, null, 51320, null, 1);
insert into product (name, serialnumber, unit, purchaseprice, saleprice, vat, tags, quantity, files, warehouseid) values ('Lotlux', '9159012056', 72, 236, 241, 284, null, 78411, null, 3);
insert into product (name, serialnumber, unit, purchaseprice, saleprice, vat, tags, quantity, files, warehouseid) values ('Bitchip', '9292546554', 288, 237, 242, 285, null, 56881, null, 2);
insert into product (name, serialnumber, unit, purchaseprice, saleprice, vat, tags, quantity, files, warehouseid) values ('Tresom', '0783672705', 392, 238, 243, 286, null, 88466, null, 3);
insert into product (name, serialnumber, unit, purchaseprice, saleprice, vat, tags, quantity, files, warehouseid) values ('Latlux', '2653747421', 392, 239, 244, 287, null, 63290, null, 4);
insert into product (name, serialnumber, unit, purchaseprice, saleprice, vat, tags, quantity, files, warehouseid) values ('Redhold', '7972662967', 392, 240, 245, 289, null, 90262, null, 10);
insert into product (name, serialnumber, unit, purchaseprice, saleprice, vat, tags, quantity, files, warehouseid) values ('Prodder', '9333328521', 8, 241, 246, 290, null, 8664, null, 10);
insert into product (name, serialnumber, unit, purchaseprice, saleprice, vat, tags, quantity, files, warehouseid) values ('Pannier', '0450229394', 8, 242, 247, 291, null, 11576, null, 5);
insert into product (name, serialnumber, unit, purchaseprice, saleprice, vat, tags, quantity, files, warehouseid) values ('Cardify', '7758567002', 392, 243, 248, 292, null, 20880, null, 4);
insert into product (name, serialnumber, unit, purchaseprice, saleprice, vat, tags, quantity, files, warehouseid) values ('Bitwolf', '8952513215', 128, 244, 249, 293, null, 84872, null, 5);
insert into product (name, serialnumber, unit, purchaseprice, saleprice, vat, tags, quantity, files, warehouseid) values ('Toughjoyfax', '3992817997', 512, 245, 250, 295, null, 35271, null, 7);
insert into product (name, serialnumber, unit, purchaseprice, saleprice, vat, tags, quantity, files, warehouseid) values ('Zontrax', '0503430404', 648, 246, 251, 296, null, 99063, null, 1);
insert into product (name, serialnumber, unit, purchaseprice, saleprice, vat, tags, quantity, files, warehouseid) values ('Subin', '0473442795', 200, 247, 252, 297, null, 42456, null, 4);
insert into product (name, serialnumber, unit, purchaseprice, saleprice, vat, tags, quantity, files, warehouseid) values ('Sub-Ex', '8221162000', 32, 248, 253, 298, null, 52543, null, 4);
insert into product (name, serialnumber, unit, purchaseprice, saleprice, vat, tags, quantity, files, warehouseid) values ('Alphazap', '4820824287', 800, 249, 254, 299, null, 2912, null, 2);
insert into product (name, serialnumber, unit, purchaseprice, saleprice, vat, tags, quantity, files, warehouseid) values ('Y-find', '1363118730', 392, 250, 255, 300, null, 60393, null, 9);
insert into product (name, serialnumber, unit, purchaseprice, saleprice, vat, tags, quantity, files, warehouseid) values ('Zamit', '1002334314', 32, 251, 256, 302, null, 54611, null, 4);
insert into product (name, serialnumber, unit, purchaseprice, saleprice, vat, tags, quantity, files, warehouseid) values ('Greenlam', '0510258522', 648, 252, 257, 303, null, 22684, null, 7);
insert into product (name, serialnumber, unit, purchaseprice, saleprice, vat, tags, quantity, files, warehouseid) values ('Sonsing', '2722264137', 32, 253, 258, 304, null, 78817, null, 2);
insert into product (name, serialnumber, unit, purchaseprice, saleprice, vat, tags, quantity, files, warehouseid) values ('Prodder', '6539467761', 72, 254, 259, 305, null, 50100, null, 1);
insert into product (name, serialnumber, unit, purchaseprice, saleprice, vat, tags, quantity, files, warehouseid) values ('Span', '4045873120', 200, 255, 260, 306, null, 77861, null, 3);
insert into product (name, serialnumber, unit, purchaseprice, saleprice, vat, tags, quantity, files, warehouseid) values ('Home Ing', '0354673580', 200, 256, 261, 307, null, 30048, null, 9);

insert into address (title, context, region, district, directions) values ('home', '4 Jana Drive', 'region1', 'district1', 'directions1');
insert into address (title, context, region, district, directions) values ('home', '84 Cottonwood Junction', 'region2', 'district2', 'directions2');
insert into address (title, context, region, district, directions) values ('home', '06535 Butternut Center', 'region3', 'district3', 'directions3');
insert into address (title, context, region, district, directions) values ('home', '1526 Haas Point', 'region4', 'district4', 'directions4');
insert into address (title, context, region, district, directions) values ('home', '44 Hanson Junction', 'region5', 'district5', 'directions5');
insert into address (title, context, region, district, directions) values ('home', '422 Nobel Trail', 'region6', 'district6', 'directions6');
insert into address (title, context, region, district, directions) values ('office', '04313 Crescent Oaks Plaza', 'region7', 'district7', 'directionst7');
insert into address (title, context, region, district, directions) values ('office', '52034 North Plaza', 'region8', 'district8', 'directions8');
insert into address (title, context, region, district, directions) values ('office', '9197 Fallview Way', 'region9', 'district9', 'directions9');
insert into address (title, context, region, district, directions) values ('office', '09 Hoard Crossing', 'region10', 'district10', 'directions10');

insert into customer (phone, email, addressid, accounttypeid) values ('1561504178', 'rrickcord0@woothemes.com', 1, 1);
insert into customer (phone, email, addressid, accounttypeid) values ('2714919781', 'vyaneev1@businessinsider.com', 2, 1);
insert into customer (phone, email, addressid, accounttypeid) values ('4029138311', 'gbater2@weebly.com', 3, 1);
insert into customer (phone, email, addressid, accounttypeid) values ('5121541194', 'jashpital3@github.com', 4, 1);
insert into customer (phone, email, addressid, accounttypeid) values ('3334505696', 'ejosum4@homestead.com', 5, 1);
insert into customer (phone, email, addressid, accounttypeid) values ('1152371013', 'jkeohane0@unc.edu', 6, 2);
insert into customer (phone, email, addressid, accounttypeid) values ('9678605008', 'sferie1@addtoany.com', 7, 2);
insert into customer (phone, email, addressid, accounttypeid) values ('7216315838', 'sskegg2@ucoz.ru', 8, 2);
insert into customer (phone, email, addressid, accounttypeid) values ('6225691114', 'avorley3@fc2.com', 9, 2);
insert into customer (phone, email, addressid, accounttypeid) values ('1604550639', 'efalkous4@dell.com', 10, 2);

insert into corporatecustomer (phone, email, addressid, accounttypeid, companytitle, authorizedperson, taxnumber, taxadministration) values ('1561504178', 'rrickcord0@woothemes.com', 1, 1, 'Chemical Engineer', 'Joellen Hatje', 219493138, null);
insert into corporatecustomer (phone, email, addressid, accounttypeid, companytitle, authorizedperson, taxnumber, taxadministration) values ('2714919781', 'vyaneev1@businessinsider.com', 2, 1, 'Physical Therapy Assistant', 'Ingunna Wolstenholme', 152845433, null);
insert into corporatecustomer (phone, email, addressid, accounttypeid, companytitle, authorizedperson, taxnumber, taxadministration) values ('4029138311', 'gbater2@weebly.com', 3, 1, 'Cost Accountant', 'Elliot Hailes', 513220621, null);
insert into corporatecustomer (phone, email, addressid, accounttypeid, companytitle, authorizedperson, taxnumber, taxadministration) values ('5121541194', 'jashpital3@github.com', 4, 1, 'General Manager', 'Alphonso Buncher', 191442798, null);
insert into corporatecustomer (phone, email, addressid, accounttypeid, companytitle, authorizedperson, taxnumber, taxadministration) values ('3334505696', 'ejosum4@homestead.com', 5, 1, 'Senior Sales Associate', 'Rachelle Richten', 724006715, null);

insert into individualcustomer (phone, email, addressid, accounttypeid, companytitle, name, surname) values ('1152371013', 'jkeohane0@unc.edu', 6, 2, 'Operator', 'Jordanna', 'Keohane');
insert into individualcustomer (phone, email, addressid, accounttypeid, companytitle, name, surname) values ('9678605008', 'sferie1@addtoany.com', 7, 2, 'Business Systems Development Analyst', 'Shell', 'Ferie');
insert into individualcustomer (phone, email, addressid, accounttypeid, companytitle, name, surname) values ('7216315838', 'sskegg2@ucoz.ru', 8, 2, 'Senior Sales Associate', 'Siward', 'Skegg');
insert into individualcustomer (phone, email, addressid, accounttypeid, companytitle, name, surname) values ('6225691114', 'avorley3@fc2.com', 9, 2, 'Senior Quality Engineer', 'Arman', 'Vorley');
insert into individualcustomer (phone, email, addressid, accounttypeid, companytitle, name, surname) values ('1604550639', 'efalkous4@dell.com', 10, 2, 'Structural Analysis Engineer', 'Earlie', 'Falkous');

insert into employee (name, surname, phone, color, password, roleid) values ('Raynell', 'Divis', '8094990045', 'Aquamarine', '1dChzbu1c0', 2);
insert into employee (name, surname, phone, color, password, roleid) values ('Coreen', 'Myrie', '6422288439', 'Violet', 'GKUiF5yXvaAK', 1);
insert into employee (name, surname, phone, color, password, roleid) values ('Kain', 'Chatenier', '7433893617', 'Red', 'RcS2gZIoYnNU', 1);
insert into employee (name, surname, phone, color, password, roleid) values ('Stewart', 'Nanuccioi', '1095204105', 'Yellow', 'Jt9OYpajR', 2);
insert into employee (name, surname, phone, color, password, roleid) values ('Brannon', 'Semeniuk', '3225634467', 'Aquamarine', 'vSOFCuG', 2);
insert into employee (name, surname, phone, color, password, roleid) values ('Binnie', 'Penson', '2259223845', 'Yellow', 'PnhzCN', 2);
insert into employee (name, surname, phone, color, password, roleid) values ('Cherice', 'Clutten', '3509016980', 'Goldenrod', 'uwEl2HWLmG', 2);
insert into employee (name, surname, phone, color, password, roleid) values ('Gene', 'Sparke', '2312288707', 'Red', 'DR2pFK', 1);
insert into employee (name, surname, phone, color, password, roleid) values ('Katerine', 'Zanini', '3039816365', 'Aquamarine', 'l1Lk1yjVF6v', 1);
insert into employee (name, surname, phone, color, password, roleid) values ('Tannie', 'Shah', '3445134354', 'Crimson', 'ZSurNAb', 2);

insert into employeexsquad (employeeid, squadid) values (1, 4);
insert into employeexsquad (employeeid, squadid) values (2, 3);
insert into employeexsquad (employeeid, squadid) values (3, 2);
insert into employeexsquad (employeeid, squadid) values (4, 2);
insert into employeexsquad (employeeid, squadid) values (5, 1);
insert into employeexsquad (employeeid, squadid) values (6, 3);
insert into employeexsquad (employeeid, squadid) values (7, 4);
insert into employeexsquad (employeeid, squadid) values (8, 3);
insert into employeexsquad (employeeid, squadid) values (9, 1);
insert into employeexsquad (employeeid, squadid) values (10, 2);

insert into employeexwarehouse (employeeid, warehouseid) values (6, 1);
insert into employeexwarehouse (employeeid, warehouseid) values (3, 2);
insert into employeexwarehouse (employeeid, warehouseid) values (6, 3);
insert into employeexwarehouse (employeeid, warehouseid) values (7, 4);
insert into employeexwarehouse (employeeid, warehouseid) values (8, 5);
insert into employeexwarehouse (employeeid, warehouseid) values (6, 6);
insert into employeexwarehouse (employeeid, warehouseid) values (7, 7);
insert into employeexwarehouse (employeeid, warehouseid) values (10, 8);
insert into employeexwarehouse (employeeid, warehouseid) values (4, 9);
insert into employeexwarehouse (employeeid, warehouseid) values (4, 10);

insert into job (description, date, files, statusid, ownerid, customerid) values ('Fusce lacus purus, aliquet at, feugiat non, pretium quis, lectus. Suspendisse potenti.', '2021-10-15 06:32:28', null, 3, 4, 5);
insert into job (description, date, files, statusid, ownerid, customerid) values ('Nam congue, risus semper porta volutpat, quam pede lobortis ligula, sit amet eleifend pede libero quis orci. Nullam molestie nibh in lectus. Pellentesque at nulla.', '2022-03-11 03:31:28', null, 1, 10, 1);
insert into job (description, date, files, statusid, ownerid, customerid) values ('Vivamus in felis eu sapien cursus vestibulum. Proin eu mi.', '2021-04-17 15:40:42', null, 3, 3, 5);
insert into job (description, date, files, statusid, ownerid, customerid) values ('Aenean sit amet justo. Morbi ut odio. Cras mi pede, malesuada in, imperdiet et, commodo vulputate, justo.', '2022-01-01 03:30:27', null, 1, 7, 9);
insert into job (description, date, files, statusid, ownerid, customerid) values ('Cras non velit nec nisi vulputate nonummy. Maecenas tincidunt lacus at velit. Vivamus vel nulla eget eros elementum pellentesque.', '2021-05-09 05:52:51', null, 1, 4, 9);
insert into job (description, date, files, statusid, ownerid, customerid) values ('Praesent id massa id nisl venenatis lacinia. Aenean sit amet justo. Morbi ut odio.', '2022-03-06 12:27:18', null, 2, 1, 6);
insert into job (description, date, files, statusid, ownerid, customerid) values ('Duis consequat dui nec nisi volutpat eleifend. Donec ut dolor.', '2021-06-19 11:13:32', null, 1, 10, 6);
insert into job (description, date, files, statusid, ownerid, customerid) values ('Vivamus vestibulum sagittis sapien. Cum sociis natoque penatibus et magnis dis parturient montes, nascetur ridiculus mus.', '2021-12-15 08:29:13', null, 3, 3, 7);
insert into job (description, date, files, statusid, ownerid, customerid) values ('Vestibulum sed magna at nunc commodo placerat.', '2021-10-17 16:07:12', null, 3, 3, 5);
insert into job (description, date, files, statusid, ownerid, customerid) values ('Proin leo odio, porttitor id, consequat in, consequat ut, nulla.', '2021-05-16 13:19:12', null, 1, 10, 2);

insert into jobxemployee (jobid, employeeid) values (1, 5);
insert into jobxemployee (jobid, employeeid) values (2, 7);
insert into jobxemployee (jobid, employeeid) values (3, 6);
insert into jobxemployee (jobid, employeeid) values (4, 10);
insert into jobxemployee (jobid, employeeid) values (5, 1);
insert into jobxemployee (jobid, employeeid) values (6, 4);
insert into jobxemployee (jobid, employeeid) values (7, 3);
insert into jobxemployee (jobid, employeeid) values (8, 2);
insert into jobxemployee (jobid, employeeid) values (9, 1);
insert into jobxemployee (jobid, employeeid) values (10, 5);

insert into jobxproduct (jobid, productid) values (1, 184);
insert into jobxproduct (jobid, productid) values (2, 84);
insert into jobxproduct (jobid, productid) values (3, 131);
insert into jobxproduct (jobid, productid) values (4, 91);
insert into jobxproduct (jobid, productid) values (5, 20);
insert into jobxproduct (jobid, productid) values (6, 254);
insert into jobxproduct (jobid, productid) values (7, 99);
insert into jobxproduct (jobid, productid) values (8, 228);
insert into jobxproduct (jobid, productid) values (9, 200);
insert into jobxproduct (jobid, productid) values (10, 242);